sample_idx,image,image_id,obj_id,given_label,given_label_idx,box,occluded,truncated,predicted_label,predicted_label_idx,predicted_confidence,pred_probs,self_confidence,margin,normalized_margin,latency_ms,is_error,reason_code
0,cabc30fc-e7726578.jpg,cabc30fc-e7726578,0,traffic sign,9,"[574, 376, 600, 415]",False,False,traffic light,8,0.8395465612411499,"{'pedestrian': 0.0843118205666542, 'rider': 1.92470565707481e-07, 'car': 0.04299291595816612, 'truck': 1.1534240002220031e-05, 'bus': 6.237286470422987e-06, 'train': 4.528326655872661e-07, 'motorcycle': 1.276662374039006e-06, 'bicycle': 1.0328064945497317e-06, 'traffic light': 0.8395465612411499, 'traffic sign': 0.033128008246421814}",0.033128008246421814,0.8064185529947281,0.9605405944401144,66331.74020000001,True,mismatch_high_margin
1,cabc30fc-e7726578.jpg,cabc30fc-e7726578,1,traffic sign,9,"[653, 404, 666, 422]",False,False,traffic light,8,0.84218829870224,"{'pedestrian': 0.10632067173719406, 'rider': 1.631365904586346e-07, 'car': 0.015563643537461758, 'truck': 8.28460633783834e-06, 'bus': 4.611165422829799e-06, 'train': 3.732346840479295e-07, 'motorcycle': 1.316502789450169e-06, 'bicycle': 8.546360845684831e-07, 'traffic light': 0.84218829870224, 'traffic sign': 0.03591179847717285}",0.03591179847717285,0.8062765002250671,0.9573589439172799,64538.468500000134,True,mismatch_high_margin
2,cabc30fc-e7726578.jpg,cabc30fc-e7726578,2,car,2,"[736, 432, 752, 443]",True,False,traffic light,8,0.6536844968795776,"{'pedestrian': 0.26206356287002563, 'rider': 8.44301609959075e-07, 'car': 0.07111011445522308, 'truck': 9.551951734465547e-06, 'bus': 6.897698767716065e-06, 'train': 5.117306045576697e-07, 'motorcycle': 3.7837817217223346e-06, 'bicycle': 1.2406110272422666e-06, 'traffic light': 0.6536844968795776, 'traffic sign': 0.01311904564499855}",0.07111011445522308,0.5825743824243546,0.8912164587126149,64013.434799999915,True,mismatch_high_margin
3,cabc30fc-e7726578.jpg,cabc30fc-e7726578,3,car,2,"[725, 429, 742, 451]",True,False,traffic light,8,0.7918280363082886,"{'pedestrian': 0.1368129402399063, 'rider': 2.1542234662774717e-07, 'car': 0.03965923190116882, 'truck': 8.492412234772928e-06, 'bus': 4.969298970536329e-06, 'train': 3.8525487866536423e-07, 'motorcycle': 1.974035740204272e-06, 'bicycle': 7.998600040082238e-07, 'traffic light': 0.7918280363082886, 'traffic sign': 0.03168296813964844}",0.03965923190116882,0.7521688044071198,0.9499143373527532,64205.40430000005,True,mismatch_high_margin
4,cabc30fc-e7726578.jpg,cabc30fc-e7726578,4,car,2,"[642, 426, 661, 444]",True,False,traffic light,8,0.8972113728523254,"{'pedestrian': 0.02387496456503868, 'rider': 5.254403134813401e-08, 'car': 0.0110635282471776, 'truck': 6.661060069745872e-06, 'bus': 2.570885499153519e-06, 'train': 2.024232088615463e-07, 'motorcycle': 7.74299735439854e-07, 'bicycle': 3.859553032725671e-07, 'traffic light': 0.8972113728523254, 'traffic sign': 0.06783944368362427}",0.0110635282471776,0.8861478446051478,0.987668983494931,64075.55720000005,True,mismatch_high_margin
5,cabc30fc-e7726578.jpg,cabc30fc-e7726578,5,car,2,"[612, 428, 657, 462]",True,False,traffic light,8,0.8628158569335938,"{'pedestrian': 0.006236483808606863, 'rider': 1.6999678109641536e-08, 'car': 0.010459455661475658, 'truck': 5.4095448831503745e-06, 'bus': 1.9011757785847294e-06, 'train': 1.2976711616374814e-07, 'motorcycle': 3.7917990880487196e-07, 'bicycle': 2.187884007298635e-07, 'traffic light': 0.8628158569335938, 'traffic sign': 0.12048022449016571}",0.010459455661475658,0.8523564012721181,0.9878775342647873,64323.30509999997,True,mismatch_high_margin
6,cabc30fc-e7726578.jpg,cabc30fc-e7726578,6,car,2,"[654, 414, 734, 487]",False,False,traffic light,8,0.8174495697021484,"{'pedestrian': 0.02813826873898506, 'rider': 4.215301530052784e-08, 'car': 0.0634259358048439, 'truck': 7.809651833667886e-06, 'bus': 3.942271177947987e-06, 'train': 2.4431321321571886e-07, 'motorcycle': 7.628896696587617e-07, 'bicycle': 4.479616109165363e-07, 'traffic light': 0.8174495697021484, 'traffic sign': 0.09097293019294739}",0.0634259358048439,0.7540236338973045,0.9224099710175954,63934.11100000003,True,mismatch_high_margin
7,cabc30fc-e7726578.jpg,cabc30fc-e7726578,7,car,2,"[462, 404, 593, 508]",False,False,car,2,0.9439572095870972,"{'pedestrian': 0.02060374803841114, 'rider': 1.3673597720753605e-07, 'car': 0.9439572095870972, 'truck': 5.567596872424474e-06, 'bus': 2.447221959300805e-06, 'train': 1.8606469609494525e-07, 'motorcycle': 5.384412133935257e-07, 'bicycle': 2.411666173429694e-07, 'traffic light': 0.03527860343456268, 'traffic sign': 0.0001513514289399609}",0.9439572095870972,0.0,0.0,63385.02429999994,False,accepted_match
8,cabc30fc-e772657xxxx.jpg,cabc30fc-e772657xxxx,0,traffic sign,9,"[574, 376, 600, 415]",False,False,car,2,0.8806776404380798,"{'pedestrian': 0.020984413102269173, 'rider': 5.781889740319457e-07, 'car': 0.8806776404380798, 'truck': 1.7268359442823566e-05, 'bus': 2.657701770658605e-06, 'train': 4.807436653209152e-07, 'motorcycle': 2.648815325301257e-06, 'bicycle': 5.175276100999326e-07, 'traffic light': 0.0982099175453186, 'traffic sign': 0.00010385966015746817}",0.00010385966015746817,0.8805737807779224,0.9998820684716081,63503.20099999999,True,mismatch_low_self_confidence
9,cabc30fc-e772657xxxx.jpg,cabc30fc-e772657xxxx,1,traffic sign,9,"[653, 404, 666, 422]",False,False,car,2,0.8424981236457825,"{'pedestrian': 0.029565876349806786, 'rider': 6.377565000548202e-07, 'car': 0.8424981236457825, 'truck': 1.838983916968573e-05, 'bus': 3.5679579468705924e-06, 'train': 4.6844382950439467e-07, 'motorcycle': 3.822964117716765e-06, 'bicycle': 8.772054229666537e-07, 'traffic light': 0.12773938477039337, 'traffic sign': 0.0001686845935182646}",0.0001686845935182646,0.8423294390522642,0.9997997804519869,65550.9970999999,True,mismatch_high_margin
10,cabc30fc-e772657xxxx.jpg,cabc30fc-e772657xxxx,2,car,2,"[736, 432, 752, 443]",True,False,car,2,0.8493127226829529,"{'pedestrian': 0.027142079547047615, 'rider': 1.1543580740180914e-06, 'car': 0.8493127226829529, 'truck': 2.0769479306181893e-05, 'bus': 3.926885710825445e-06, 'train': 5.09107849211432e-07, 'motorcycle': 3.1295980988943484e-06, 'bicycle': 1.0952635420835577e-06, 'traffic light': 0.12333402782678604, 'traffic sign': 0.00018061684386339039}",0.8493127226829529,0.0,0.0,65891.99860000008,False,accepted_match
11,cabc30fc-e772657xxxx.jpg,cabc30fc-e772657xxxx,3,car,2,"[725, 429, 742, 451]",True,False,car,2,0.9131981134414673,"{'pedestrian': 0.019667373970150948, 'rider': 8.676438483234961e-07, 'car': 0.9131981134414673, 'truck': 1.9313485609018244e-05, 'bus': 3.82051439373754e-06, 'train': 4.7200427388816024e-07, 'motorcycle': 2.8402753287082305e-06, 'bicycle': 9.846837656368734e-07, 'traffic light': 0.06701593846082687, 'traffic sign': 9.035957918968052e-05}",0.9131981134414673,0.0,0.0,65923.35810000008,False,accepted_match
12,cabc30fc-e772657xxxx.jpg,cabc30fc-e772657xxxx,4,car,2,"[642, 426, 661, 444]",True,False,car,2,0.9318012595176697,"{'pedestrian': 0.017849553376436234, 'rider': 5.566952836488781e-07, 'car': 0.9318012595176697, 'truck': 1.3853025848220568e-05, 'bus': 2.6846660148294177e-06, 'train': 3.719603682839079e-07, 'motorcycle': 3.2930504403339e-06, 'bicycle': 7.42721624646947e-07, 'traffic light': 0.05028241500258446, 'traffic sign': 4.5190299715613946e-05}",0.9318012595176697,0.0,0.0,70793.22030000003,False,accepted_match
13,cabc30fc-e772657xxxx.jpg,cabc30fc-e772657xxxx,5,car,2,"[612, 428, 657, 462]",True,False,car,2,0.9853605628013611,"{'pedestrian': 0.005120838992297649, 'rider': 2.513252184144221e-07, 'car': 0.9853605628013611, 'truck': 1.029578379529994e-05, 'bus': 1.674226155046199e-06, 'train': 2.3466961351914506e-07, 'motorcycle': 1.9447977592790266e-06, 'bicycle': 3.5168869771950995e-07, 'traffic light': 0.0094972625374794, 'traffic sign': 6.620227850362426e-06}",0.9853605628013611,0.0,0.0,65501.13769999985,False,accepted_match
14,cabc30fc-e772657xxxx.jpg,cabc30fc-e772657xxxx,6,car,2,"[654, 414, 734, 487]",False,False,car,2,0.9946967363357544,"{'pedestrian': 0.0019100396893918514, 'rider': 1.088357493017611e-07, 'car': 0.9946967363357544, 'truck': 6.889099040563451e-06, 'bus': 1.1903040331162629e-06, 'train': 1.478923081776884e-07, 'motorcycle': 9.757671932675294e-07, 'bicycle': 1.868296806151193e-07, 'traffic light': 0.0033811074681580067, 'traffic sign': 2.6332704692322295e-06}",0.9946967363357544,0.0,0.0,67158.50520000004,False,accepted_match
15,cabc30fc-e772657xxxx.jpg,cabc30fc-e772657xxxx,7,car,2,"[462, 404, 593, 508]",False,False,car,2,0.9985590577125549,"{'pedestrian': 0.0007989900186657906, 'rider': 3.0469792022813635e-08, 'car': 0.9985590577125549, 'truck': 2.6490017717151204e-06, 'bus': 2.7691953619068954e-07, 'train': 5.162456062635101e-08, 'motorcycle': 2.7804421165456006e-07, 'bicycle': 3.953295646397237e-08, 'traffic light': 0.0006386697641573846, 'traffic sign': 1.8971277881973947e-07}",0.9985590577125549,0.0,0.0,63669.40269999986,False,accepted_match
16,cabc30fc-eb673c5a.jpg,cabc30fc-eb673c5a,0,car,2,"[0, 296, 272, 529]",False,True,car,2,0.996664822101593,"{'pedestrian': 4.752717330802625e-08, 'rider': 1.0215878837316339e-10, 'car': 0.996664822101593, 'truck': 0.0027850044425576925, 'bus': 0.0005501609412021935, 'train': 2.474529736673503e-08, 'motorcycle': 1.6354052334577318e-08, 'bicycle': 8.288052022464854e-09, 'traffic light': 4.989654911469188e-09, 'traffic sign': 1.4142714777065635e-10}",0.996664822101593,0.0,0.0,64652.863100000104,False,accepted_match
17,cabc30fc-eb673c5a.jpg,cabc30fc-eb673c5a,1,car,2,"[312, 401, 433, 480]",False,False,car,2,0.830142080783844,"{'pedestrian': 0.00025927458773367107, 'rider': 2.2389560427882316e-08, 'car': 0.830142080783844, 'truck': 0.004489873070269823, 'bus': 0.0015338592929765582, 'train': 2.0482566469581798e-06, 'motorcycle': 9.391081334797491e-07, 'bicycle': 1.794273089217313e-06, 'traffic light': 0.15810935199260712, 'traffic sign': 0.005460838787257671}",0.830142080783844,0.0,0.0,67192.8484,False,accepted_match
18,cabc30fc-eb673c5a.jpg,cabc30fc-eb673c5a,2,car,2,"[647, 428, 663, 462]",True,False,traffic light,8,0.8196089267730713,"{'pedestrian': 1.3339384167920798e-05, 'rider': 3.957507210827771e-09, 'car': 0.0012853845255449414, 'truck': 0.0001774112315615639, 'bus': 0.00022394180996343493, 'train': 9.827419944485882e-07, 'motorcycle': 1.3993680170187872e-07, 'bicycle': 4.0641307919031533e-07, 'traffic light': 0.8196089267730713, 'traffic sign': 0.17868942022323608}",0.0012853845255449414,0.8183235422475263,0.9984317099490293,70544.28690000031,True,mismatch_low_self_confidence
19,cabc30fc-eb673c5a.jpg,cabc30fc-eb673c5a,3,car,2,"[663, 436, 686, 455]",True,False,traffic light,8,0.8165029883384705,"{'pedestrian': 1.024619814415928e-05, 'rider': 3.5729468272904796e-09, 'car': 0.0011082998244091868, 'truck': 0.00014850949810352176, 'bus': 0.00018861655553337187, 'train': 9.131857154898171e-07, 'motorcycle': 1.286518624965538e-07, 'bicycle': 3.514518880365358e-07, 'traffic light': 0.8165029883384705, 'traffic sign': 0.18203985691070557}",0.0011082998244091868,0.8153946885140613,0.9986426261260054,70795.98279999982,True,mismatch_low_self_confidence
20,cabc30fc-eb673c5a.jpg,cabc30fc-eb673c5a,4,truck,3,"[547, 384, 602, 479]",True,False,traffic light,8,0.7256947755813599,"{'pedestrian': 0.0001468946720706299, 'rider': 3.401743953190817e-08, 'car': 0.21551688015460968, 'truck': 0.007458977866917849, 'bus': 0.0030109300278127193, 'train': 5.755701749876607e-06, 'motorcycle': 1.1378181170584867e-06, 'bicycle': 3.431967115830048e-06, 'traffic light': 0.7256947755813599, 'traffic sign': 0.04816119745373726}",0.007458977866917849,0.718235797714442,0.9897216045672337,72089.97550000003,True,mismatch_low_self_confidence
21,cabc30fc-eb673c5a.jpg,cabc30fc-eb673c5a,5,car,2,"[435, 369, 586, 513]",False,False,car,2,0.976691722869873,"{'pedestrian': 6.654274329775944e-05, 'rider': 1.5326877544907802e-08, 'car': 0.976691722869873, 'truck': 0.01635446399450302, 'bus': 0.0006842811708338559, 'train': 9.931144404617953e-07, 'motorcycle': 8.916698561733938e-07, 'bicycle': 4.1326191535517864e-07, 'traffic light': 0.006177701521664858, 'traffic sign': 2.2818856450612657e-05}",0.976691722869873,0.0,0.0,74958.03560000013,False,accepted_match
22,cabc30fc-eb673c5a.jpg,cabc30fc-eb673c5a,6,car,2,"[602, 425, 649, 470]",False,False,traffic light,8,0.8788099884986877,"{'pedestrian': 2.483823300281074e-05, 'rider': 8.151974206782597e-09, 'car': 0.01009818259626627, 'truck': 0.0008125450694933534, 'bus': 0.0008811886655166745, 'train': 2.3764121124258963e-06, 'motorcycle': 3.2047958598013793e-07, 'bicycle': 1.0672724783944432e-06, 'traffic light': 0.8788099884986877, 'traffic sign': 0.10936940461397171}",0.01009818259626627,0.8687118059024215,0.9885092537312674,69849.18830000015,True,mismatch_high_margin
23,cabc30fc-eb673c5a.jpg,cabc30fc-eb673c5a,7,car,2,"[702, 428, 733, 453]",False,False,traffic light,8,0.7054731249809265,"{'pedestrian': 5.019601758249337e-06, 'rider': 1.8482931851693252e-09, 'car': 0.0005689956014975905, 'truck': 0.00010140924132429063, 'bus': 0.00016339850844815373, 'train': 7.589487154291419e-07, 'motorcycle': 6.141826958128149e-08, 'bicycle': 2.462456620833109e-07, 'traffic light': 0.7054731249809265, 'traffic sign': 0.29368695616722107}",0.0005689956014975905,0.7049041293794289,0.9991934553119752,73145.63159999989,True,mismatch_low_self_confidence
24,cabc30fc-eb673c5a.jpg,cabc30fc-eb673c5a,8,traffic sign,9,"[923, 362, 959, 397]",False,False,traffic light,8,0.5734013915061951,"{'pedestrian': 4.287830961402506e-06, 'rider': 8.260013228955643e-10, 'car': 0.00021096077398397028, 'truck': 2.74141420959495e-05, 'bus': 6.092868352425285e-05, 'train': 3.04666201600412e-07, 'motorcycle': 2.4087281502715996e-08, 'bicycle': 1.1040573610898718e-07, 'traffic light': 0.5734013915061951, 'traffic sign': 0.42629456520080566}",0.42629456520080566,0.1471068263053894,0.2565512195897768,73412.95119999995,True,mismatch_high_margin
25,cabc30fc-eb673c5a.jpg,cabc30fc-eb673c5a,9,traffic sign,9,"[948, 435, 969, 449]",False,False,traffic light,8,0.7112123370170593,"{'pedestrian': 9.078547009266913e-06, 'rider': 2.4498238992975985e-09, 'car': 0.0007560746744275093, 'truck': 5.893401976209134e-05, 'bus': 0.0002426411083433777, 'train': 6.04812044002756e-07, 'motorcycle': 7.869027029983044e-08, 'bicycle': 3.271452726494317e-07, 'traffic light': 0.7112123370170593, 'traffic sign': 0.2877199351787567}",0.2877199351787567,0.4234924018383026,0.5954514282112975,69506.01370000004,True,mismatch_high_margin
26,cabc30fc-fd79926f.jpg,cabc30fc-fd79926f,0,car,2,"[630, 439, 653, 456]",True,False,pedestrian,0,0.3752498924732208,"{'pedestrian': 0.3752498924732208, 'rider': 0.18821662664413452, 'car': 0.08823234587907791, 'truck': 0.006728793028742075, 'bus': 3.9219852624228224e-05, 'train': 2.47081948145933e-06, 'motorcycle': 0.027889488264918327, 'bicycle': 0.0003371292259544134, 'traffic light': 0.31327298283576965, 'traffic sign': 3.105162613792345e-05}",0.08823234587907791,0.2870175465941429,0.7648704299485589,69638.49389999996,False,accepted_uncertain_mismatch
27,cabc30fc-fd79926f.jpg,cabc30fc-fd79926f,1,car,2,"[607, 439, 626, 458]",True,False,pedestrian,0,0.38742733001708984,"{'pedestrian': 0.38742733001708984, 'rider': 0.14147460460662842, 'car': 0.07402816414833069, 'truck': 0.005523456260561943, 'bus': 3.585003287298605e-05, 'train': 2.1999564978614217e-06, 'motorcycle': 0.02004830166697502, 'bicycle': 0.00028309517074376345, 'traffic light': 0.3711397349834442, 'traffic sign': 3.7319969123927876e-05}",0.07402816414833069,0.31339916586875916,0.8089237428214855,63626.24880000021,False,accepted_uncertain_mismatch
28,cabc30fc-fd79926f.jpg,cabc30fc-fd79926f,2,truck,3,"[199, 382, 328, 488]",True,False,car,2,0.7066256403923035,"{'pedestrian': 0.04077335074543953, 'rider': 0.00047685467870905995, 'car': 0.7066256403923035, 'truck': 0.25177931785583496, 'bus': 2.1827367163496092e-05, 'train': 1.2777421716236859e-06, 'motorcycle': 0.00021681239013560116, 'bicycle': 6.696997843391728e-06, 'traffic light': 9.802443673834205e-05, 'traffic sign': 1.4671049086700805e-07}",0.25177931785583496,0.4548463225364685,0.6436878263912806,63394.15099999997,True,mismatch_high_margin
29,cabc30fc-fd79926f.jpg,cabc30fc-fd79926f,3,car,2,"[656, 420, 718, 479]",True,False,pedestrian,0,0.3038157522678375,"{'pedestrian': 0.3038157522678375, 'rider': 0.29033076763153076, 'car': 0.24938489496707916, 'truck': 0.012966617941856384, 'bus': 3.274378104833886e-05, 'train': 1.8848331819754094e-06, 'motorcycle': 0.08031360059976578, 'bicycle': 0.0003608308907132596, 'traffic light': 0.06278867274522781, 'traffic sign': 4.240575435687788e-06}",0.24938489496707916,0.05443085730075836,0.17915745610442632,74173.81729999988,False,accepted_uncertain_mismatch
30,cabc30fc-fd79926f.jpg,cabc30fc-fd79926f,4,car,2,"[302, 392, 593, 590]",False,False,car,2,0.9997805953025818,"{'pedestrian': 7.772691606078297e-05, 'rider': 3.4917589800897986e-05, 'car': 0.9997805953025818, 'truck': 7.544896652689204e-05, 'bus': 7.218533681907502e-08, 'train': 1.1501256835799722e-08, 'motorcycle': 3.097323133260943e-05, 'bicycle': 5.5040281665696966e-08, 'traffic light': 2.3215515909669193e-07, 'traffic sign': 3.903978806896191e-10}",0.9997805953025818,0.0,0.0,67644.14159999978,False,accepted_match
31,cabc30fc-fd79926f.jpg,cabc30fc-fd79926f,5,car,2,"[706, 427, 801, 505]",False,False,pedestrian,0,0.47899967432022095,"{'pedestrian': 0.47899967432022095, 'rider': 0.19024747610092163, 'car': 0.20934848487377167, 'truck': 0.009545552544295788, 'bus': 3.407933400012553e-05, 'train': 1.8919613467005547e-06, 'motorcycle': 0.060044821351766586, 'bicycle': 0.00043084853678010404, 'traffic light': 0.05134279653429985, 'traffic sign': 4.340360192145454e-06}",0.20934848487377167,0.2696511894464493,0.5629464985109406,64013.34189999988,False,accepted_uncertain_mismatch
32,cabc30fc-fd79926f.jpg,cabc30fc-fd79926f,7,rider,1,"[820, 434, 835, 456]",True,False,pedestrian,0,0.6512948274612427,"{'pedestrian': 0.6512948274612427, 'rider': 0.22523994743824005, 'car': 0.0333951897919178, 'truck': 0.004271161276847124, 'bus': 2.4837569071678445e-05, 'train': 1.843613745222683e-06, 'motorcycle': 0.018008345738053322, 'bicycle': 0.00047584279673174024, 'traffic light': 0.06728164851665497, 'traffic sign': 6.287112228164915e-06}",0.22523994743824005,0.4260548800230026,0.6541659200392719,62657.11039999996,True,mismatch_low_self_confidence
33,cabc30fc-fd79926f.jpg,cabc30fc-fd79926f,12,traffic sign,9,"[863, 415, 876, 439]",False,False,pedestrian,0,0.7443218231201172,"{'pedestrian': 0.7443218231201172, 'rider': 0.17408223450183868, 'car': 0.018190039321780205, 'truck': 0.004721582867205143, 'bus': 2.9491984605556354e-05, 'train': 2.0058982954651583e-06, 'motorcycle': 0.01195200253278017, 'bicycle': 0.0003902645839843899, 'traffic light': 0.04630544036626816, 'traffic sign': 5.140366738487501e-06}",5.140366738487501e-06,0.7443166827533787,0.9999930938922132,64227.43260000016,True,mismatch_low_self_confidence
34,cabc30fc-fd79926f.jpg,cabc30fc-fd79926f,13,traffic sign,9,"[861, 384, 876, 409]",False,False,pedestrian,0,0.6974469423294067,"{'pedestrian': 0.6974469423294067, 'rider': 0.2215031087398529, 'car': 0.016415493562817574, 'truck': 0.004235545638948679, 'bus': 2.5217392249032855e-05, 'train': 1.855123173299944e-06, 'motorcycle': 0.012798427604138851, 'bicycle': 0.0003763414279092103, 'traffic light': 0.047192588448524475, 'traffic sign': 4.634118340618443e-06}",4.634118340618443e-06,0.6974423082110661,0.9999933555973087,65870.22290000005,True,mismatch_low_self_confidence
35,cabc9045-1b8282ba.jpg,cabc9045-1b8282ba,0,car,2,"[259, 239, 345, 290]",True,False,traffic light,8,0.8220546245574951,"{'pedestrian': 0.000474933855002746, 'rider': 1.6915441847231705e-07, 'car': 0.15854518115520477, 'truck': 0.0008161930600181222, 'bus': 9.955838322639465e-05, 'train': 1.514178620709572e-06, 'motorcycle': 9.512450560578145e-06, 'bicycle': 3.848798769467976e-06, 'traffic light': 0.8220546245574951, 'traffic sign': 0.017994457855820656}",0.15854518115520477,0.6635094434022903,0.8071354671345006,64157.219700000045,True,mismatch_high_margin
36,cabc9045-1b8282ba.jpg,cabc9045-1b8282ba,1,car,2,"[905, 244, 933, 268]",True,False,traffic light,8,0.9837754368782043,"{'pedestrian': 0.000243457019678317, 'rider': 2.5613013576730737e-07, 'car': 0.012036685831844807, 'truck': 0.00013437564484775066, 'bus': 1.0878661669266876e-05, 'train': 3.207620409284573e-07, 'motorcycle': 1.54703975567827e-05, 'bicycle': 1.625373101887817e-06, 'traffic light': 0.9837754368782043, 'traffic sign': 0.0037815412506461143}",0.012036685831844807,0.9717387510463595,0.9877648034494126,64072.03119999985,True,mismatch_high_margin
37,cabc9045-1b8282ba.jpg,cabc9045-1b8282ba,2,car,2,"[926, 247, 966, 274]",True,False,traffic light,8,0.9316896796226501,"{'pedestrian': 0.00023590806813444942, 'rider': 3.762905009807582e-07, 'car': 0.06530692428350449, 'truck': 0.00029348762473091483, 'bus': 1.7627857232582755e-05, 'train': 3.924372151686839e-07, 'motorcycle': 3.3491502108518034e-05, 'bicycle': 2.0315201254561543e-06, 'traffic light': 0.9316896796226501, 'traffic sign': 0.002420019591227174}",0.06530692428350449,0.8663827553391457,0.929904853824339,63928.01000000008,True,mismatch_high_margin
38,cabc9045-1b8282ba.jpg,cabc9045-1b8282ba,3,car,2,"[960, 250, 992, 279]",True,False,traffic light,8,0.9512600898742676,"{'pedestrian': 0.0002639072190504521, 'rider': 4.036590155465092e-07, 'car': 0.04578990861773491, 'truck': 0.00026243997854180634, 'bus': 1.461600732000079e-05, 'train': 3.266736428031436e-07, 'motorcycle': 3.282604302512482e-05, 'bicycle': 2.034726094279904e-06, 'traffic light': 0.9512600898742676, 'traffic sign': 0.002373423660174012}",0.04578990861773491,0.9054701812565327,0.9518639443563882,64207.777000000075,True,mismatch_high_margin
39,cabc9045-1b8282ba.jpg,cabc9045-1b8282ba,4,car,2,"[987, 249, 1047, 284]",True,False,traffic light,8,0.7553526163101196,"{'pedestrian': 0.00023668255016673356, 'rider': 3.691542076467158e-07, 'car': 0.24222221970558167, 'truck': 0.000696960894856602, 'bus': 2.9795655791531317e-05, 'train': 5.661586897076631e-07, 'motorcycle': 5.182968016015366e-05, 'bicycle': 2.1846283289050916e-06, 'traffic light': 0.7553526163101196, 'traffic sign': 0.00140674551948905}",0.24222221970558167,0.513130396604538,0.6793256361660178,63643.890499999994,True,mismatch_high_margin
40,cabc9045-1b8282ba.jpg,cabc9045-1b8282ba,5,car,2,"[1008, 258, 1069, 291]",True,False,car,2,0.6019788384437561,"{'pedestrian': 0.0002622263564262539, 'rider': 6.252614070945128e-07, 'car': 0.6019788384437561, 'truck': 0.0010606048163026571, 'bus': 2.6801752028404735e-05, 'train': 5.026416829423397e-07, 'motorcycle': 0.00012377178063616157, 'bicycle': 2.6045752292702673e-06, 'traffic light': 0.3961043059825897, 'traffic sign': 0.0004397172888275236}",0.6019788384437561,0.0,0.0,66753.54389999984,False,accepted_match
41,cabc9045-1b8282ba.jpg,cabc9045-1b8282ba,6,car,2,"[1054, 263, 1102, 303]",True,False,car,2,0.6163844466209412,"{'pedestrian': 0.0003685342671815306, 'rider': 9.97730126073293e-07, 'car': 0.6163844466209412, 'truck': 0.0013210715260356665, 'bus': 3.4386157494736835e-05, 'train': 5.340454549696005e-07, 'motorcycle': 0.00017802092770580202, 'bicycle': 4.573985734168673e-06, 'traffic light': 0.38135188817977905, 'traffic sign': 0.00035546935396268964}",0.6163844466209412,0.0,0.0,66233.39269999997,False,accepted_match
42,cabc9045-1b8282ba.jpg,cabc9045-1b8282ba,7,car,2,"[1099, 254, 1185, 311]",True,False,car,2,0.5756780505180359,"{'pedestrian': 0.00027157869772054255, 'rider': 5.476559863382136e-07, 'car': 0.5756780505180359, 'truck': 0.002118651522323489, 'bus': 5.5536704167025164e-05, 'train': 8.383249223697931e-07, 'motorcycle': 0.00011689324310282245, 'bicycle': 3.755857733267476e-06, 'traffic light': 0.4213116466999054, 'traffic sign': 0.00044263305608183146}",0.5756780505180359,0.0,0.0,67390.76810000006,False,accepted_match
43,cabc9045-1b8282ba.jpg,cabc9045-1b8282ba,8,car,2,"[1160, 258, 1276, 335]",False,True,car,2,0.8535609841346741,"{'pedestrian': 0.0006550088291987777, 'rider': 2.68884036813688e-06, 'car': 0.8535609841346741, 'truck': 0.01842387393116951, 'bus': 0.00037958205211907625, 'train': 2.9152590741432505e-06, 'motorcycle': 0.00037863405304960907, 'bicycle': 3.156949969707057e-05, 'traffic light': 0.12651722133159637, 'traffic sign': 4.7498939238721505e-05}",0.8535609841346741,0.0,0.0,66032.71709999944,False,accepted_match
44,cabc9045-1b8282ba.jpg,cabc9045-1b8282ba,9,car,2,"[108, 240, 262, 311]",False,False,car,2,0.7768953442573547,"{'pedestrian': 0.0005424929549917579, 'rider': 1.0910627423754704e-07, 'car': 0.7768953442573547, 'truck': 0.0010939529165625572, 'bus': 8.299398177769035e-05, 'train': 9.521215247332293e-07, 'motorcycle': 1.3426151781459339e-05, 'bicycle': 2.4345015390281333e-06, 'traffic light': 0.21997593343257904, 'traffic sign': 0.0013924542581662536}",0.7768953442573547,0.0,0.0,65929.65439999988,False,accepted_match
45,cabc9045-1b8282ba.jpg,cabc9045-1b8282ba,10,car,2,"[470, 233, 527, 272]",False,False,traffic light,8,0.973446249961853,"{'pedestrian': 6.678712088614702e-05, 'rider': 3.153604311023628e-08, 'car': 0.004632411990314722, 'truck': 0.0001613554049981758, 'bus': 1.7010854207910597e-05, 'train': 5.788730845779355e-07, 'motorcycle': 3.1782444693817524e-06, 'bicycle': 8.797582040642737e-07, 'traffic light': 0.973446249961853, 'traffic sign': 0.021671555936336517}",0.004632411990314722,0.9688138379715383,0.9952412246793326,66041.93209999995,True,mismatch_high_margin
46,cabc9045-1b8282ba.jpg,cabc9045-1b8282ba,11,car,2,"[560, 239, 595, 262]",False,False,traffic light,8,0.9829733371734619,"{'pedestrian': 0.00015073182294145226, 'rider': 6.340226832435292e-08, 'car': 0.005116965621709824, 'truck': 8.242080366471782e-05, 'bus': 8.123074621835258e-06, 'train': 3.5918048979510786e-07, 'motorcycle': 5.754654011980165e-06, 'bicycle': 8.035327709876583e-07, 'traffic light': 0.9829733371734619, 'traffic sign': 0.011661469005048275}",0.005116965621709824,0.9778563715517521,0.9947944003889021,66267.17709999956,True,mismatch_high_margin
47,cabc9045-1b8282ba.jpg,cabc9045-1b8282ba,12,car,2,"[616, 238, 638, 255]",False,False,traffic light,8,0.9902338981628418,"{'pedestrian': 0.00014741865743417293, 'rider': 4.94123426619808e-08, 'car': 0.002151075517758727, 'truck': 4.7313616960309446e-05, 'bus': 4.407479536894243e-06, 'train': 2.3102506929717492e-07, 'motorcycle': 4.83815892948769e-06, 'bicycle': 5.244011731520004e-07, 'traffic light': 0.9902338981628418, 'traffic sign': 0.007410251535475254}",0.002151075517758727,0.9880828226450831,0.9978277096736947,66137.32909999999,True,mismatch_low_self_confidence
48,cabc9045-1b8282ba.jpg,cabc9045-1b8282ba,13,car,2,"[636, 237, 665, 254]",True,False,traffic light,8,0.9890507459640503,"{'pedestrian': 7.660026312805712e-05, 'rider': 2.4415399479948974e-08, 'car': 0.0033247326500713825, 'truck': 6.00562671024818e-05, 'bus': 4.5732663238595705e-06, 'train': 2.2078741324094153e-07, 'motorcycle': 4.101537797396304e-06, 'bicycle': 3.4692428130256303e-07, 'traffic light': 0.9890507459640503, 'traffic sign': 0.007478651590645313}",0.0033247326500713825,0.9857260133139789,0.9966384610055263,66847.74990000005,True,mismatch_low_self_confidence
49,cabc9045-1b8282ba.jpg,cabc9045-1b8282ba,14,car,2,"[809, 242, 828, 255]",True,False,traffic light,8,0.9918636083602905,"{'pedestrian': 0.00034854578552767634, 'rider': 2.006009935939801e-07, 'car': 0.004477826412767172, 'truck': 5.30671386513859e-05, 'bus': 4.668823748943396e-06, 'train': 2.3163535445291927e-07, 'motorcycle': 1.0816319445439149e-05, 'bicycle': 9.339998428004037e-07, 'traffic light': 0.9918636083602905, 'traffic sign': 0.003240141784772277}",0.004477826412767172,0.9873857819475234,0.9954854413701398,64935.62480000037,True,mismatch_low_self_confidence
50,cabc9045-1b8282ba.jpg,cabc9045-1b8282ba,15,car,2,"[793, 240, 808, 250]",True,False,traffic light,8,0.9918078780174255,"{'pedestrian': 0.000322012638207525, 'rider': 1.592222105273322e-07, 'car': 0.004268378019332886, 'truck': 5.3356143325800076e-05, 'bus': 4.653758878703229e-06, 'train': 2.3696863138411572e-07, 'motorcycle': 9.587015483702999e-06, 'bicycle': 8.398286581723369e-07, 'traffic light': 0.9918078780174255, 'traffic sign': 0.003532944479957223}",0.004268378019332886,0.9875394999980927,0.9956963660866809,65749.23569999919,True,mismatch_low_self_confidence
51,cabc9045-1b8282ba.jpg,cabc9045-1b8282ba,16,car,2,"[710, 238, 751, 260]",False,False,traffic light,8,0.9938434362411499,"{'pedestrian': 6.468653009505942e-05, 'rider': 1.755969059047402e-08, 'car': 0.0029909564182162285, 'truck': 4.7405810619238764e-05, 'bus': 2.4684266008989653e-06, 'train': 1.3716521607420873e-07, 'motorcycle': 4.172851276962319e-06, 'bicycle': 2.3039959273774002e-07, 'traffic light': 0.9938434362411499, 'traffic sign': 0.0030464655719697475}",0.0029909564182162285,0.9908524798229337,0.9969905154985694,64840.97350000047,True,mismatch_low_self_confidence
52,cabc9045-1b8282ba.jpg,cabc9045-1b8282ba,17,car,2,"[821, 241, 876, 280]",False,False,traffic light,8,0.9070384502410889,"{'pedestrian': 0.00020337756723165512, 'rider': 1.7880428515582025e-07, 'car': 0.09054650366306305, 'truck': 0.00024215661687776446, 'bus': 1.3233317986305337e-05, 'train': 3.5163637335244857e-07, 'motorcycle': 2.510490594431758e-05, 'bicycle': 1.1383244782336988e-06, 'traffic light': 0.9070384502410889, 'traffic sign': 0.0019295155070722103}",0.09054650366306305,0.8164919465780258,0.9001734671347218,63930.6273000002,True,mismatch_high_margin
53,cabc9045-1b8282ba.jpg,cabc9045-1b8282ba,18,traffic light,8,"[689, 9, 712, 56]",False,False,traffic light,8,0.9999960660934448,"{'pedestrian': 9.97947502412444e-09, 'rider': 1.8086000633330684e-13, 'car': 5.1218487229220955e-09, 'truck': 1.2408853944378961e-09, 'bus': 1.0761553106974908e-11, 'train': 7.38965832969285e-12, 'motorcycle': 1.367443519528777e-10, 'bicycle': 5.9669235698278644e-12, 'traffic light': 0.9999960660934448, 'traffic sign': 3.885118530888576e-06}",0.9999960660934448,0.0,0.0,64352.28999999981,False,accepted_match
54,cabc9045-1b8282ba.jpg,cabc9045-1b8282ba,20,traffic light,8,"[751, 192, 761, 205]",False,False,traffic light,8,0.9986094236373901,"{'pedestrian': 3.58307188434992e-05, 'rider': 4.601518277524974e-09, 'car': 6.855275569250807e-05, 'truck': 4.936339337291429e-06, 'bus': 2.880943839045358e-07, 'train': 3.512731794330648e-08, 'motorcycle': 6.44434010155237e-07, 'bicycle': 4.50363693005329e-08, 'traffic light': 0.9986094236373901, 'traffic sign': 0.0012801631819456816}",0.9986094236373901,0.0,0.0,62757.175599999755,False,accepted_match
55,cabc9045-1b8282ba.jpg,cabc9045-1b8282ba,21,traffic light,8,"[757, 209, 767, 224]",False,False,traffic light,8,0.9981523156166077,"{'pedestrian': 3.9286573155550286e-05, 'rider': 5.908939559873261e-09, 'car': 9.859928832156584e-05, 'truck': 7.2563011599413585e-06, 'bus': 4.198917906705901e-07, 'train': 4.666251740559346e-08, 'motorcycle': 8.624663223599782e-07, 'bicycle': 6.483975312221446e-08, 'traffic light': 0.9981523156166077, 'traffic sign': 0.0017010429874062538}",0.9981523156166077,0.0,0.0,63616.60360000042,False,accepted_match
56,cabc9045-1b8282ba.jpg,cabc9045-1b8282ba,23,traffic sign,9,"[473, 98, 503, 126]",True,False,traffic light,8,0.9952848553657532,"{'pedestrian': 5.160682849236764e-05, 'rider': 7.282102476580121e-09, 'car': 6.215089524630457e-05, 'truck': 8.315069862874225e-06, 'bus': 7.01399130775826e-07, 'train': 1.0362818869680268e-07, 'motorcycle': 9.20478214538889e-07, 'bicycle': 1.4531475756029977e-07, 'traffic light': 0.9952848553657532, 'traffic sign': 0.004591184202581644}",0.004591184202581644,0.9906936711631715,0.9953870651423763,64090.29250000003,True,mismatch_high_margin
57,cabc9045-1b8282ba.jpg,cabc9045-1b8282ba,24,traffic sign,9,"[667, 0, 686, 48]",True,True,traffic light,8,0.9992927312850952,"{'pedestrian': 7.0798073181777e-08, 'rider': 2.815212472861983e-12, 'car': 1.2149836692287863e-08, 'truck': 7.922809430738198e-08, 'bus': 2.648851582520706e-09, 'train': 6.60790311357573e-10, 'motorcycle': 1.38849132191865e-09, 'bicycle': 2.282711242251878e-10, 'traffic light': 0.9992927312850952, 'traffic sign': 0.0007070779101923108}",0.0007070779101923108,0.9985856533749029,0.9992924216417716,60997.53909999981,True,mismatch_high_margin
58,cabc9045-1b8282ba.jpg,cabc9045-1b8282ba,26,traffic sign,9,"[878, 228, 889, 238]",False,False,traffic light,8,0.9953752160072327,"{'pedestrian': 0.00010823443881236017, 'rider': 4.473323755860292e-08, 'car': 0.0006421322468668222, 'truck': 2.796446642605588e-05, 'bus': 2.2135038761916803e-06, 'train': 1.3334796733488474e-07, 'motorcycle': 3.467107035248773e-06, 'bicycle': 3.671974013741419e-07, 'traffic light': 0.9953752160072327, 'traffic sign': 0.0038402185309678316}",0.0038402185309678316,0.9915349974762648,0.9961419387692089,62260.69270000062,True,mismatch_high_margin
59,cabc9045-1b8282ba.jpg,cabc9045-1b8282ba,27,traffic light,8,"[1046, 1, 1059, 16]",False,True,traffic light,8,0.9944861531257629,"{'pedestrian': 0.00011643519246717915, 'rider': 6.508428018747736e-09, 'car': 1.209242964250734e-05, 'truck': 3.192736130586127e-06, 'bus': 4.157301987106621e-07, 'train': 1.2378802694001934e-07, 'motorcycle': 6.216613428478013e-07, 'bicycle': 5.206931064094533e-07, 'traffic light': 0.9944861531257629, 'traffic sign': 0.005380493123084307}",0.9944861531257629,0.0,0.0,63177.22709999998,False,accepted_match
60,cabc9045-1b8282ba.jpg,cabc9045-1b8282ba,28,traffic light,8,"[1033, 0, 1046, 17]",False,True,traffic light,8,0.9952547550201416,"{'pedestrian': 0.0001774998236214742, 'rider': 9.652540100546503e-09, 'car': 1.9217059161746874e-05, 'truck': 3.843837021122454e-06, 'bus': 5.412999257714546e-07, 'train': 1.3542658905407734e-07, 'motorcycle': 7.953809699756675e-07, 'bicycle': 5.671941494256316e-07, 'traffic light': 0.9952547550201416, 'traffic sign': 0.004542623646557331}",0.9952547550201416,0.0,0.0,62501.4112000008,False,accepted_match
61,cabc9045-1b8282ba.jpg,cabc9045-1b8282ba,29,traffic light,8,"[998, 0, 1009, 16]",False,True,traffic light,8,0.9979690909385681,"{'pedestrian': 0.0006813717191107571, 'rider': 3.6145021198308314e-08, 'car': 5.22794398420956e-05, 'truck': 4.041835836687824e-06, 'bus': 4.807997129319119e-07, 'train': 1.1049210968394618e-07, 'motorcycle': 1.785842528079229e-06, 'bicycle': 6.180305831549049e-07, 'traffic light': 0.9979690909385681, 'traffic sign': 0.0012902397429570556}",0.9979690909385681,0.0,0.0,62719.29780000028,False,accepted_match
62,cabc9045-1b8282ba.jpg,cabc9045-1b8282ba,30,traffic light,8,"[987, 2, 997, 17]",False,True,traffic light,8,0.9976668357849121,"{'pedestrian': 0.0011556289391592145, 'rider': 6.292507492844379e-08, 'car': 3.866000406560488e-05, 'truck': 3.4630668324098224e-06, 'bus': 4.658472505525424e-07, 'train': 1.2673787352923682e-07, 'motorcycle': 2.12915529118618e-06, 'bicycle': 9.266617553294054e-07, 'traffic light': 0.9976668357849121, 'traffic sign': 0.0011317974422127008}",0.9976668357849121,0.0,0.0,62865.10439999984,False,accepted_match
63,cabc9045-1b8282ba.jpg,cabc9045-1b8282ba,31,car,2,"[768, 239, 788, 254]",True,False,traffic light,8,0.9939295053482056,"{'pedestrian': 0.00017281797772739083, 'rider': 6.688296139145677e-08, 'car': 0.002022742060944438, 'truck': 3.937698420486413e-05, 'bus': 3.075438371524797e-06, 'train': 1.6892003884549922e-07, 'motorcycle': 5.434513695945498e-06, 'bicycle': 4.644882665161276e-07, 'traffic light': 0.9939295053482056, 'traffic sign': 0.003826348576694727}",0.002022742060944438,0.9919067632872611,0.9979649038990589,63521.101199999976,True,mismatch_low_self_confidence
